"","ONTOLOGY","ID","Description","GeneRatio","BgRatio","RichFactor","FoldEnrichment","zScore","pvalue","p.adjust","qvalue","geneID","Count"
"GO:0009615","BP","GO:0009615","response to virus","25/81","425/18805",0.0588235294117647,13.6564996368918,17.3581579931004,5.81253159667293e-22,1.03346811788845e-18,8.816692664006e-19,"684/6355/3627/3428/10561/10964/2537/3434/3437/3553/3665/9636/3669/4599/4600/9111/4938/4939/4940/8638/83666/5359/91543/64108/11274",25
"GO:0051607","BP","GO:0051607","defense response to virus","22/81","321/18805",0.0685358255451713,15.9113111034191,17.7230589487,9.36934542524558e-21,8.32934808304332e-18,7.10590881988363e-18,"684/3627/3428/10964/2537/3434/3437/3553/3665/9636/3669/4599/4600/4938/4939/4940/8638/83666/5359/91543/64108/11274",22
"GO:0045071","BP","GO:0045071","negative regulation of viral genome replication","13/81","50/18805",0.26,60.3617283950617,27.6440277277169,1.99961106924839e-20,1.18510282704121e-17,1.01103142132875e-17,"684/3428/3434/9636/3669/4057/4599/4938/4939/4940/8638/5359/91543",13
"GO:0019079","BP","GO:0019079","viral genome replication","15/81","124/18805",0.120967741935484,28.0839307048984,19.9017282028741,4.58197116648259e-18,2.03668618350151e-15,1.73753169760563e-15,"684/6347/6355/3428/3434/9636/3669/4057/4599/4938/4939/4940/8638/5359/91543",15
"GO:0048525","BP","GO:0048525","negative regulation of viral process","13/81","76/18805",0.171052631578947,39.7116634178038,22.2412734105382,7.88370477455496e-18,2.80344541783175e-15,2.39166706950183e-15,"684/3428/3434/9636/3669/4057/4599/4938/4939/4940/8638/5359/91543",13
"GO:0045069","BP","GO:0045069","regulation of viral genome replication","13/81","80/18805",0.1625,37.7260802469136,21.6509508240371,1.60495048050595e-17,4.75600325723263e-15,4.05742744282293e-15,"684/3428/3434/9636/3669/4057/4599/4938/4939/4940/8638/5359/91543",13
"GO:1903900","BP","GO:1903900","regulation of viral life cycle","14/81","115/18805",0.121739130434783,28.2630166398282,19.2879686992896,5.86780779923335e-17,1.49042318100527e-14,1.27150541935267e-14,"684/3428/3434/9636/3669/27074/4057/4599/4938/4939/4940/8638/5359/91543",14
"GO:0050792","BP","GO:0050792","regulation of viral process","14/81","142/18805",0.0985915492957746,22.8890627716919,17.2206256253702,1.20747044540625e-15,2.68360306491538e-13,2.28942751556632e-13,"684/3428/3434/9636/3669/27074/4057/4599/4938/4939/4940/8638/5359/91543",14
"GO:0019058","BP","GO:0019058","viral life cycle","17/81","295/18805",0.0576271186440678,13.3787403222431,14.094593845281,6.93286779219983e-15,1.36962654828125e-12,1.16845175304795e-12,"684/6347/6355/983/3428/3434/9636/3669/27074/4057/4599/4938/4939/4940/8638/5359/91543",17
"GO:0016032","BP","GO:0016032","viral process","19/81","421/18805",0.0451306413301663,10.4775519779479,12.9355688433958,1.2657062432207e-14,2.25042570044641e-12,1.91987652261162e-12,"684/6347/6355/983/3428/3434/3665/9636/3669/27074/4057/4599/4938/4939/4940/8638/83666/5359/91543",19
"GO:0140374","BP","GO:0140374","antiviral innate immune response","9/81","60/18805",0.15,34.8240740740741,17.2594572288281,3.99796096785014e-12,6.46215872803414e-10,5.51297775566704e-10,"3627/3434/3437/4599/4938/4939/4940/8638/11274",9
"GO:0045088","BP","GO:0045088","regulation of innate immune response","16/81","482/18805",0.033195020746888,7.70657240920035,9.8105681888621,1.96862625733444e-10,2.87688391744095e-08,2.45431870524682e-08,"383/3428/3430/3665/9636/4057/23643/9111/4938/4940/8638/83666/5359/91543/11274/2099",16
"GO:0034340","BP","GO:0034340","response to type I interferon","9/81","92/18805",0.0978260869565217,22.7113526570048,13.7302169956483,2.10345843232465e-10,2.87688391744095e-08,2.45431870524682e-08,"3434/3665/9636/4599/4938/4939/4940/8638/11274",9
"GO:0140888","BP","GO:0140888","interferon-mediated signaling pathway","9/81","112/18805",0.0803571428571429,18.655753968254,12.3260547129952,1.24147740589212e-09,1.576676305483e-07,1.34508942999289e-07,"383/3665/9636/4938/4939/4940/8638/83666/11274",9
"GO:0071357","BP","GO:0071357","cellular response to type I interferon","8/81","86/18805",0.0930232558139535,21.5963250071777,12.591166133999,3.36484838486036e-09,3.74299617916022e-07,3.19321383823922e-07,"3434/3665/9636/4938/4939/4940/8638/11274",8
"GO:0002833","BP","GO:0002833","positive regulation of response to biotic stimulus","14/81","425/18805",0.0329411764705882,7.6476397966594,9.11711651579311,3.36827552680335e-09,3.74299617916022e-07,3.19321383823922e-07,"383/3428/3430/3665/4057/23643/9111/4938/4940/8638/83666/5359/91543/2099",14
"GO:0002832","BP","GO:0002832","negative regulation of response to biotic stimulus","9/81","135/18805",0.0666666666666667,15.477366255144,11.1033134758062,6.52200265198145e-09,6.82124747954295e-07,5.81932249009614e-07,"383/114769/3428/9636/4057/9111/4938/4940/11274",9
"GO:0045089","BP","GO:0045089","positive regulation of innate immune response","13/81","395/18805",0.0329113924050633,7.64072511329895,8.77314831518021,1.31243438595715e-08,1.29639352123989e-06,1.10597540945278e-06,"3428/3430/3665/4057/23643/9111/4938/4940/8638/83666/5359/91543/2099",13
"GO:0002221","BP","GO:0002221","pattern recognition receptor signaling pathway","11/81","288/18805",0.0381944444444444,8.86724108367627,8.84915299850783,4.21188438921173e-08,3.94143707579919e-06,3.36250714950366e-06,"3428/3430/3665/4057/23643/9111/4938/4940/8638/91543/2099",11
"GO:0002758","BP","GO:0002758","innate immune response-activating signaling pathway","11/81","305/18805",0.0360655737704918,8.37300141671727,8.53840375269583,7.54700631019054e-08,6.70928860975939e-06,5.72380846999188e-06,"3428/3430/3665/4057/23643/9111/4938/4940/8638/91543/2099",11
"GO:0060337","BP","GO:0060337","type I interferon-mediated signaling pathway","7/81","85/18805",0.0823529411764706,19.1190994916485,11.0118798663234,7.9570215493335e-08,6.73694491176903e-06,5.74740253262635e-06,"3665/9636/4938/4939/4940/8638/11274",7
"GO:0002218","BP","GO:0002218","activation of innate immune response","11/81","325/18805",0.0338461538461538,7.85773979107312,8.20238242490092,1.43287481271533e-07,1.15802337136721e-05,9.87929476135305e-06,"3428/3430/3665/4057/23643/9111/4938/4940/8638/91543/2099",11
"GO:0032608","BP","GO:0032608","interferon-beta production","6/81","60/18805",0.1,23.2160493827161,11.3362143565202,2.2006594308266e-07,1.63032186167071e-05,1.3908553683426e-05,"3665/9636/9111/4938/4939/4940",6
"GO:0032648","BP","GO:0032648","regulation of interferon-beta production","6/81","60/18805",0.1,23.2160493827161,11.3362143565202,2.2006594308266e-07,1.63032186167071e-05,1.3908553683426e-05,"3665/9636/9111/4938/4939/4940",6
"GO:0045824","BP","GO:0045824","negative regulation of innate immune response","7/81","100/18805",0.07,16.2512345679012,10.0576023054938,2.45049740569723e-07,1.74279375493187e-05,1.48680705751987e-05,"383/3428/9636/9111/4938/4940/11274",7
"GO:0035456","BP","GO:0035456","response to interferon-beta","5/81","35/18805",0.142857142857143,33.1657848324515,12.5274983096244,3.83804928436991e-07,2.62463524138835e-05,2.23912106023362e-05,"684/3428/4938/5359/54739",5
"GO:0071222","BP","GO:0071222","cellular response to lipopolysaccharide","9/81","232/18805",0.0387931034482759,9.00622605363985,8.07047554163333,6.84055614592888e-07,4.50463289905983e-05,3.84297910576355e-05,"114769/6347/129607/3627/2048/3553/4057/23643/4318",9
"GO:0032728","BP","GO:0032728","positive regulation of interferon-beta production","5/81","41/18805",0.121951219512195,28.3122553447757,11.5147654158262,8.68267656903739e-07,5.51349962133874e-05,4.7036605022492e-05,"3665/9636/4938/4939/4940",5
"GO:0071219","BP","GO:0071219","cellular response to molecule of bacterial origin","9/81","246/18805",0.0365853658536585,8.4936766034327,7.78132453761271,1.11428218528285e-06,6.83170250149276e-05,5.82824184752298e-05,"114769/6347/129607/3627/2048/3553/4057/23643/4318",9
"GO:0032479","BP","GO:0032479","regulation of type I interferon production","7/81","129/18805",0.0542635658914729,12.597856254187,8.69358608092534,1.38451766957166e-06,7.75993206456958e-05,6.62013030906682e-05,"3665/9636/9111/4938/4939/4940/54739",7
"GO:0032606","BP","GO:0032606","type I interferon production","7/81","129/18805",0.0542635658914729,12.597856254187,8.69358608092534,1.38451766957166e-06,7.75993206456958e-05,6.62013030906682e-05,"3665/9636/9111/4938/4939/4940/54739",7
"GO:0060338","BP","GO:0060338","regulation of type I interferon-mediated signaling pathway","5/81","45/18805",0.111111111111111,25.7956104252401,10.9529967467865,1.39661319497315e-06,7.75993206456958e-05,6.62013030906682e-05,"3665/9636/4938/4940/11274",5
"GO:0035455","BP","GO:0035455","response to interferon-alpha","4/81","20/18805",0.2,46.4320987654321,13.3702803096398,1.46841020956406e-06,7.91161622001484e-05,6.74953464746989e-05,"684/27074/4600/4938",4
"GO:0001959","BP","GO:0001959","regulation of cytokine-mediated signaling pathway","8/81","189/18805",0.0423280423280423,9.82689920961526,8.02165905173358,1.54321275521496e-06,8.07009493756527e-05,6.88473554261533e-05,"383/114769/3665/9636/4938/4940/83666/11274",8
"GO:0060759","BP","GO:0060759","regulation of response to cytokine stimulus","8/81","201/18805",0.0398009950248756,9.24021865978748,7.725060936765,2.44464324162871e-06,0.000124187876674738,0.000105946794321413,"383/114769/3665/9636/4938/4940/83666/11274",8
"GO:0071216","BP","GO:0071216","cellular response to biotic stimulus","9/81","273/18805",0.032967032967033,7.65364265364265,7.28363148859968,2.62947541520559e-06,0.000129866869117654,0.000110791639570504,"114769/6347/129607/3627/2048/3553/4057/23643/4318",9
"GO:0060339","BP","GO:0060339","negative regulation of type I interferon-mediated signaling pathway","4/81","24/18805",0.166666666666667,38.6934156378601,12.1529041427162,3.17856954516648e-06,0.000152743152738,0.000130307787043667,"9636/4938/4940/11274",4
"GO:0001960","BP","GO:0001960","negative regulation of cytokine-mediated signaling pathway","6/81","104/18805",0.0576923076923077,13.3938746438746,8.33603766474548,5.73853027178543e-06,0.00026850281113775,0.000229064324699247,"383/114769/9636/4938/4940/11274",6
"GO:0001818","BP","GO:0001818","negative regulation of cytokine production","10/81","389/18805",0.025706940874036,5.96813608810181,6.51236817946605,6.49832940354663e-06,0.000296257171269382,0.000252742042388953,"383/684/114769/2048/4057/9111/4938/4940/1992/54739",10
"GO:0060761","BP","GO:0060761","negative regulation of response to cytokine stimulus","6/81","109/18805",0.055045871559633,12.7794767244309,8.11209843902745,7.52867194868692e-06,0.000334649468119134,0.000285495165212049,"383/114769/9636/4938/4940/11274",6
"GO:0034142","BP","GO:0034142","toll-like receptor 4 signaling pathway","5/81","64/18805",0.078125,18.1375385802469,9.03254984022056,8.17580156544082e-06,0.000354550614228141,0.000302473172164319,"3430/4057/23643/9111/4938",5
"GO:0140895","BP","GO:0140895","cell surface toll-like receptor signaling pathway","5/81","72/18805",0.0694444444444444,16.122256515775,8.45565970768669,1.46049192272413e-05,0.000618274913953213,0.00052746086732969,"3430/4057/23643/9111/4938",5
"GO:0062207","BP","GO:0062207","regulation of pattern recognition receptor signaling pathway","7/81","191/18805",0.0366492146596859,8.50849977377028,6.85990837927041,1.84191031284008e-05,0.000761608496797596,0.000649741189914946,"3428/3430/3665/4057/8638/91543/2099",7
"GO:0032481","BP","GO:0032481","positive regulation of type I interferon production","5/81","76/18805",0.0657894736842105,15.2737166991553,8.2007748482457,1.9027152995973e-05,0.000768869955155454,0.000655936063808543,"3665/9636/4938/4939/4940",5
"GO:0032102","BP","GO:0032102","negative regulation of response to external stimulus","10/81","448/18805",0.0223214285714286,5.18215388007055,5.89259341248123,2.20839069892499e-05,0.000872559702819694,0.0007443955548891,"383/114769/6347/3428/9636/4057/9111/4938/4940/11274",10
"GO:0032496","BP","GO:0032496","response to lipopolysaccharide","9/81","357/18805",0.0252100840336134,5.85278555866791,6.08862011474909,2.26876786119203e-05,0.000876928099391179,0.000748122308461718,"114769/6347/129607/3627/2048/3553/4057/23643/4318",9
"GO:0002752","BP","GO:0002752","cell surface pattern recognition receptor signaling pathway","5/81","81/18805",0.0617283950617284,14.3308946806889,7.90807546470829,2.59478093815465e-05,0.000981600108093398,0.000837419783176003,"3430/4057/23643/9111/4938",5
"GO:0071639","BP","GO:0071639","positive regulation of monocyte chemotactic protein-1 production","3/81","14/18805",0.214285714285714,49.7486772486772,12.0010769947899,2.70818421835119e-05,0.00100315657088092,0.000855809969000891,"3553/4938/4940",3
"GO:0002237","BP","GO:0002237","response to molecule of bacterial origin","9/81","379/18805",0.0237467018469657,5.5130460275579,5.83770505504501,3.62250712349734e-05,0.00131445258481189,0.0011213819043952,"114769/6347/129607/3627/2048/3553/4057/23643/4318",9
"GO:0050777","BP","GO:0050777","negative regulation of immune response","7/81","214/18805",0.0327102803738318,7.59403484481366,6.38079898867816,3.81760159589453e-05,0.00135753912750009,0.00115813976835453,"383/3428/9636/9111/4938/4940/11274",7
"GO:0035743","BP","GO:0035743","CD4-positive, alpha-beta T cell cytokine production","3/81","19/18805",0.157894736842105,36.6569200779727,10.2275540554463,7.09820427483746e-05,0.00244585450231641,0.00208660016448875,"383/3553/91543",3
"GO:0002220","BP","GO:0002220","innate immune response activating cell surface receptor signaling pathway","5/81","100/18805",0.05,11.608024691358,6.99558407009797,7.15323026549231e-05,0.00244585450231641,0.00208660016448875,"3430/4057/23643/9111/4938",5
"GO:0071605","BP","GO:0071605","monocyte chemotactic protein-1 production","3/81","20/18805",0.15,34.8240740740741,9.95413735824335,8.32491543728705e-05,0.00274105549027711,0.00233844115889486,"3553/4938/4940",3
"GO:0071637","BP","GO:0071637","regulation of monocyte chemotactic protein-1 production","3/81","20/18805",0.15,34.8240740740741,9.95413735824335,8.32491543728705e-05,0.00274105549027711,0.00233844115889486,"3553/4938/4940",3
"GO:0001836","BP","GO:0001836","release of cytochrome c from mitochondria","4/81","54/18805",0.0740740740740741,17.1970736168267,7.83952110389448,8.57582670492164e-05,0.00277233088751831,0.00236512273335734,"597/2537/4318/8743",4
"GO:0032760","BP","GO:0032760","positive regulation of tumor necrosis factor production","5/81","110/18805",0.0454545454545455,10.5527497194164,6.60891736610347,0.000112449128966588,0.00354217836221337,0.00302189273574653,"2048/23643/4938/4939/4940",5
"GO:0043462","BP","GO:0043462","regulation of ATP-dependent activity","4/81","58/18805",0.0689655172413793,16.0110685398042,7.53057311505337,0.000113556899126075,0.00354217836221337,0.00302189273574653,"3434/4057/5359/29128",4
"GO:1903557","BP","GO:1903557","positive regulation of tumor necrosis factor superfamily cytokine production","5/81","114/18805",0.043859649122807,10.1824777994369,6.46791581243075,0.000133080118406419,0.00407959397459676,0.00348037115469418,"2048/23643/4938/4939/4940",5
"GO:0002753","BP","GO:0002753","cytoplasmic pattern recognition receptor signaling pathway","6/81","186/18805",0.032258064516129,7.48904818797292,5.84961939778652,0.000151559680868503,0.0045673408912576,0.00389647636273885,"3428/3665/4938/4940/8638/91543",6
"GO:0032640","BP","GO:0032640","tumor necrosis factor production","6/81","191/18805",0.031413612565445,7.29299980608881,5.7494044617729,0.000175083169984508,0.00510324387266319,0.00435366433041718,"2048/4057/23643/4938/4939/4940",6
"GO:0032680","BP","GO:0032680","regulation of tumor necrosis factor production","6/81","191/18805",0.031413612565445,7.29299980608881,5.7494044617729,0.000175083169984508,0.00510324387266319,0.00435366433041718,"2048/4057/23643/4938/4939/4940",6
"GO:1901224","BP","GO:1901224","positive regulation of non-canonical NF-kappaB signal transduction","4/81","66/18805",0.0606060606060606,14.0703329592218,6.99606325919033,0.000187931169960528,0.00538938097080353,0.00459777276592735,"3430/3553/9111/4306",4
"GO:0071706","BP","GO:0071706","tumor necrosis factor superfamily cytokine production","6/81","196/18805",0.0306122448979592,7.10695389266818,5.65274602544371,0.000201405816216026,0.00559530533175146,0.00477345034814627,"2048/4057/23643/4938/4939/4940",6
"GO:1903555","BP","GO:1903555","regulation of tumor necrosis factor superfamily cytokine production","6/81","196/18805",0.0306122448979592,7.10695389266818,5.65274602544371,0.000201405816216026,0.00559530533175146,0.00477345034814627,"2048/4057/23643/4938/4939/4940",6
"GO:0030522","BP","GO:0030522","intracellular receptor signaling pathway","8/81","393/18805",0.0203562340966921,4.72591336034932,4.90960845805176,0.000288138525564704,0.00788169689929299,0.00672400996499982,"3428/3665/4938/4940/8638/91543/2099/4306",8
"GO:0031664","BP","GO:0031664","regulation of lipopolysaccharide-mediated signaling pathway","3/81","31/18805",0.0967741935483871,22.4671445639188,7.86765007025416,0.000317228866848963,0.00854595341299175,0.00729069851880949,"114769/4057/23643",3
"GO:0062208","BP","GO:0062208","positive regulation of pattern recognition receptor signaling pathway","4/81","76/18805",0.0526315789473684,12.2189733593242,6.44571252795913,0.000323809546060186,0.00859303541634345,0.0073308649783618,"3430/4057/8638/91543",4
"GO:0031348","BP","GO:0031348","negative regulation of defense response","7/81","308/18805",0.0227272727272727,5.27637485970819,4.97701319517176,0.000364420130634096,0.00952851459216799,0.00812893820810732,"383/3428/9636/9111/4938/4940/11274",7
"GO:0044403","BP","GO:0044403","biological process involved in symbiotic interaction","6/81","220/18805",0.0272727272727273,6.33164983164983,5.2319066987321,0.000374355115515925,0.00964642602010601,0.00822953045703201,"383/684/983/3434/4057/5359",6
"GO:0002369","BP","GO:0002369","T cell cytokine production","3/81","40/18805",0.075,17.412037037037,6.83418158903394,0.000678087110200982,0.0169808293230612,0.0144866349266066,"383/3553/91543",3
"GO:0002724","BP","GO:0002724","regulation of T cell cytokine production","3/81","40/18805",0.075,17.412037037037,6.83418158903394,0.000678087110200982,0.0169808293230612,0.0144866349266066,"383/3553/91543",3
"GO:0042742","BP","GO:0042742","defense response to bacterium","7/81","343/18805",0.0204081632653061,4.73796926177879,4.59527733281601,0.000691305843947144,0.0170714137574725,0.0145639140515765,"3553/9636/3934/4057/4938/4939/4940",7
"GO:0090199","BP","GO:0090199","regulation of release of cytochrome c from mitochondria","3/81","41/18805",0.0731707317073171,16.9873532068654,6.7402204421842,0.000729358186576209,0.0177643678867466,0.0151550850303723,"2537/4318/8743",3
"GO:0043903","BP","GO:0043903","regulation of biological process involved in symbiotic interaction","3/81","42/18805",0.0714285714285714,16.5828924162257,6.64951381598321,0.000783034490708848,0.0188139908713558,0.0160505362889253,"383/684/4057",3
"GO:0039530","BP","GO:0039530","MDA-5 signaling pathway","2/81","11/18805",0.181818181818182,42.2109988776655,8.99224615713845,0.000982798379905042,0.0232988735929489,0.0198766661816585,"3665/4940",2
"GO:2000310","BP","GO:2000310","regulation of NMDA receptor activity","2/81","12/18805",0.166666666666667,38.6934156378601,8.59065689599698,0.00117606399268704,0.0268413439659581,0.0228988080367921,"6347/2048",2
"GO:0008637","BP","GO:0008637","apoptotic mitochondrial changes","4/81","107/18805",0.0373831775700935,8.67889696550133,5.23915763832003,0.0011775167769093,0.0268413439659581,0.0228988080367921,"597/2537/4318/8743",4
"GO:1901222","BP","GO:1901222","regulation of non-canonical NF-kappaB signal transduction","4/81","107/18805",0.0373831775700935,8.67889696550133,5.23915763832003,0.0011775167769093,0.0268413439659581,0.0228988080367921,"3430/3553/9111/4306",4
"GO:0016185","BP","GO:0016185","synaptic vesicle budding from presynaptic endocytic zone membrane","2/81","13/18805",0.153846153846154,35.7169990503324,8.23560799029559,0.00138601292014662,0.0300528167319597,0.0256385701916724,"4599/4600",2
"GO:0034145","BP","GO:0034145","positive regulation of toll-like receptor 4 signaling pathway","2/81","13/18805",0.153846153846154,35.7169990503324,8.23560799029559,0.00138601292014662,0.0300528167319597,0.0256385701916724,"3430/4057",2
"GO:0035745","BP","GO:0035745","T-helper 2 cell cytokine production","2/81","13/18805",0.153846153846154,35.7169990503324,8.23560799029559,0.00138601292014662,0.0300528167319597,0.0256385701916724,"383/91543",2
"GO:2000551","BP","GO:2000551","regulation of T-helper 2 cell cytokine production","2/81","13/18805",0.153846153846154,35.7169990503324,8.23560799029559,0.00138601292014662,0.0300528167319597,0.0256385701916724,"383/91543",2
"GO:0002700","BP","GO:0002700","regulation of production of molecular mediator of immune response","5/81","197/18805",0.0253807106598985,5.89239832048631,4.54018330381882,0.00161335152952173,0.0345607110781885,0.0294843316936058,"383/684/2048/3553/91543",5
"GO:0031640","BP","GO:0031640","killing of cells of another organism","4/81","119/18805",0.0336134453781513,7.80371407822388,4.89699518824534,0.00174264669550998,0.0357207550223149,0.0304739849548019,"383/6355/3627/4057",4
"GO:0141061","BP","GO:0141061","disruption of cell in another organism","4/81","119/18805",0.0336134453781513,7.80371407822388,4.89699518824534,0.00174264669550998,0.0357207550223149,0.0304739849548019,"383/6355/3627/4057",4
"GO:0034341","BP","GO:0034341","response to type II interferon","4/81","121/18805",0.0330578512396694,7.67472706866646,4.84461848921711,0.00185231367268848,0.0357207550223149,0.0304739849548019,"383/684/6347/83666",4
"GO:0009263","BP","GO:0009263","deoxyribonucleotide biosynthetic process","2/81","15/18805",0.133333333333333,30.9547325102881,7.63336448068856,0.00185538670461648,0.0357207550223149,0.0304739849548019,"129607/6241",2
"GO:0009265","BP","GO:0009265","2'-deoxyribonucleotide biosynthetic process","2/81","15/18805",0.133333333333333,30.9547325102881,7.63336448068856,0.00185538670461648,0.0357207550223149,0.0304739849548019,"129607/6241",2
"GO:0046385","BP","GO:0046385","deoxyribose phosphate biosynthetic process","2/81","15/18805",0.133333333333333,30.9547325102881,7.63336448068856,0.00185538670461648,0.0357207550223149,0.0304739849548019,"129607/6241",2
"GO:0060330","BP","GO:0060330","regulation of response to type II interferon","2/81","15/18805",0.133333333333333,30.9547325102881,7.63336448068856,0.00185538670461648,0.0357207550223149,0.0304739849548019,"383/83666",2
"GO:0060334","BP","GO:0060334","regulation of type II interferon-mediated signaling pathway","2/81","15/18805",0.133333333333333,30.9547325102881,7.63336448068856,0.00185538670461648,0.0357207550223149,0.0304739849548019,"383/83666",2
"GO:0070142","BP","GO:0070142","synaptic vesicle budding","2/81","15/18805",0.133333333333333,30.9547325102881,7.63336448068856,0.00185538670461648,0.0357207550223149,0.0304739849548019,"4599/4600",2
"GO:0043122","BP","GO:0043122","regulation of canonical NF-kappaB signal transduction","6/81","300/18805",0.02,4.64320987654321,4.18377757455653,0.00186840844604909,0.0357207550223149,0.0304739849548019,"684/114769/3553/4057/8743/2099",6
"GO:0071621","BP","GO:0071621","granulocyte chemotaxis","4/81","122/18805",0.0327868852459016,7.61181946974297,4.81887776200673,0.00190890271675158,0.0361066918125991,0.0308032342087238,"6347/6355/3627/3553",4
"GO:0141060","BP","GO:0141060","disruption of anatomical structure in another organism","4/81","123/18805",0.032520325203252,7.54993475860685,4.79342747111961,0.0019666792699963,0.0368079551795097,0.0314014939397747,"383/6355/3627/4057",4
"GO:0006826","BP","GO:0006826","iron ion transport","3/81","58/18805",0.0517241379310345,12.0083014048531,5.52251282991429,0.00200307020731906,0.0370985294647218,0.0316493878152058,"3934/4057/79689",3
"GO:0051098","BP","GO:0051098","regulation of binding","5/81","209/18805",0.0239234449760766,5.55407879969284,4.35443918773603,0.00208946786116056,0.0379760470575223,0.0323980130305427,"114769/3428/3434/4318/83666",5
"GO:0031665","BP","GO:0031665","negative regulation of lipopolysaccharide-mediated signaling pathway","2/81","16/18805",0.125,29.0200617283951,7.37472041472707,0.00211452680466519,0.0379760470575223,0.0323980130305427,"114769/4057",2
"GO:0032780","BP","GO:0032780","negative regulation of ATP-dependent activity","2/81","16/18805",0.125,29.0200617283951,7.37472041472707,0.00211452680466519,0.0379760470575223,0.0323980130305427,"3434/4057",2
"GO:0002718","BP","GO:0002718","regulation of cytokine production involved in immune response","4/81","126/18805",0.0317460317460317,7.37017440721144,4.71876227705419,0.00214726202096124,0.0381783187326908,0.0325705744442646,"383/684/3553/91543",4
"GO:0002367","BP","GO:0002367","cytokine production involved in immune response","4/81","127/18805",0.031496062992126,7.31214153786332,4.69441757367993,0.00220991649305325,0.0389032824222642,0.0331890533245413,"383/684/3553/91543",4
"GO:0043123","BP","GO:0043123","positive regulation of canonical NF-kappaB signal transduction","5/81","214/18805",0.0233644859813084,5.42431060343833,4.28123861769115,0.00231541560076607,0.0403608719427654,0.034432547788482,"684/114769/3553/4057/8743",5
"GO:0044793","BP","GO:0044793","negative regulation by host of viral process","2/81","17/18805",0.117647058823529,27.3129992737836,7.1387611771081,0.00238978069559634,0.0412527191919447,0.0351933978779186,"6355/4057",2
"GO:0031663","BP","GO:0031663","lipopolysaccharide-mediated signaling pathway","3/81","62/18805",0.0483870967741935,11.2335722819594,5.30850056668692,0.0024250290017547,0.0414586688953832,0.0353690970802482,"114769/4057/23643",3
"GO:0007259","BP","GO:0007259","cell surface receptor signaling pathway via JAK-STAT","4/81","131/18805",0.0305343511450382,7.08887004052398,4.59962038162292,0.00247317369950278,0.0418790746449138,0.0357277523908121,"6347/2048/9111/83666",4
"GO:0007249","BP","GO:0007249","canonical NF-kappaB signal transduction","6/81","318/18805",0.0188679245283019,4.38038667598416,3.99866512647581,0.00250065597815949,0.0419449653695054,0.0357839648910409,"684/114769/3553/4057/8743/2099",6
"GO:0002819","BP","GO:0002819","regulation of adaptive immune response","5/81","219/18805",0.0228310502283105,5.30046789559727,4.21030071025416,0.00255868256954235,0.0425171739125822,0.0362721257521941,"383/2048/3553/3665/91543",5
"GO:0038061","BP","GO:0038061","non-canonical NF-kappaB signal transduction","4/81","133/18805",0.0300751879699248,6.98227049104242,4.5537036265933,0.00261256220648116,0.0430105148437361,0.0366930033093504,"3430/3553/9111/4306",4
"GO:0097396","BP","GO:0097396","response to interleukin-17","2/81","18/18805",0.111111111111111,25.7956104252401,6.92230377394258,0.00268100822704037,0.043334842069798,0.0369696923939251,"3627/3553",2
"GO:0097398","BP","GO:0097398","cellular response to interleukin-17","2/81","18/18805",0.111111111111111,25.7956104252401,6.92230377394258,0.00268100822704037,0.043334842069798,0.0369696923939251,"3627/3553",2
"GO:0061844","BP","GO:0061844","antimicrobial humoral immune response mediated by antimicrobial peptide","4/81","136/18805",0.0294117647058824,6.8282498184459,4.48657983042359,0.00283162604330504,0.0453570369819491,0.0386948613409441,"6347/6355/3627/4057",4
"GO:0097192","BP","GO:0097192","extrinsic apoptotic signaling pathway in absence of ligand","3/81","66/18805",0.0454545454545455,10.5527497194164,5.11323173975428,0.00289817175689499,0.046008476640708,0.0392506156173467,"597/2537/3553",3
"GO:0050727","BP","GO:0050727","regulation of inflammatory response","7/81","442/18805",0.0158371040723982,3.6767499022401,3.74554852179138,0.00294574102418971,0.04634980124787,0.0395418054574511,"3430/3553/4318/9111/11274/55450/2099",7
"GO:0002281","BP","GO:0002281","macrophage activation involved in immune response","2/81","19/18805",0.105263157894737,24.4379467186485,6.72275862551942,0.00298807013107472,0.0466034095881654,0.0397581630552048,"3430/9111",2
"GO:0038034","BP","GO:0038034","signal transduction in absence of ligand","3/81","68/18805",0.0441176470588235,10.2423747276688,5.02176418770374,0.00315454908923211,0.0487720720056929,0.0416082859275375,"597/2537/3553",3
"GO:0002440","BP","GO:0002440","production of molecular mediator of immune response","5/81","231/18805",0.0216450216450216,5.0251189140078,4.04855738155469,0.00321772251701327,0.049319919269393,0.0420756637660265,"383/684/2048/3553/91543",5
"GO:0035580","CC","GO:0035580","specific granule lumen","4/82","62/19880",0.0645161290322581,15.6412273800157,7.43082358977558,0.000125025100404135,0.014752961847688,0.0128973261469529,"383/3934/116844/4057",4
"GO:0042581","CC","GO:0042581","specific granule","5/82","160/19880",0.03125,7.57621951219512,5.37497403338073,0.000525389565695854,0.0309979843760554,0.0270990407569441,"383/10970/3934/116844/4057",5
"GO:1904724","CC","GO:1904724","tertiary granule lumen","3/82","55/19880",0.0545454545454545,13.2239467849224,5.84224452755208,0.00152036385306694,0.0363366385795488,0.031766196082032,"116844/4057/4318",3
"GO:0035577","CC","GO:0035577","azurophil granule membrane","3/82","58/19880",0.0517241379310345,12.5399495374264,5.66418857519163,0.00177235361737654,0.0363366385795488,0.031766196082032,"684/10970/8876",3
"GO:0034774","CC","GO:0034774","secretory granule lumen","6/82","324/19880",0.0185185185185185,4.48961156278229,4.07570846272081,0.00221780197819101,0.0363366385795488,0.031766196082032,"383/3934/3959/116844/4057/1992",6
"GO:0060205","CC","GO:0060205","cytoplasmic vesicle lumen","6/82","329/19880",0.0182370820668693,4.42138038401661,4.02724782184208,0.00239378572099141,0.0363366385795488,0.031766196082032,"383/3934/3959/116844/4057/1992",6
"GO:0031983","CC","GO:0031983","vesicle lumen","6/82","330/19880",0.0181818181818182,4.4079822616408,4.01767171720162,0.00243021120462237,0.0363366385795488,0.031766196082032,"383/3934/3959/116844/4057/1992",6
"GO:0042599","CC","GO:0042599","lamellar body","2/82","18/19880",0.111111111111111,26.9376693766938,7.08515322674616,0.00246350092064738,0.0363366385795488,0.031766196082032,"10970/27074",2
"GO:0005766","CC","GO:0005766","primary lysosome","4/82","155/19880",0.0258064516129032,6.25649095200629,4.22811506147029,0.00388083673150692,0.0457938734317816,0.0400338947039661,"383/684/10970/8876",4
"GO:0042582","CC","GO:0042582","azurophil granule","4/82","155/19880",0.0258064516129032,6.25649095200629,4.22811506147029,0.00388083673150692,0.0457938734317816,0.0400338947039661,"383/684/10970/8876",4
"GO:0017025","MF","GO:0017025","TBP-class protein binding","3/82","25/18639",0.12,27.2765853658537,8.73920191620103,0.000176014425927962,0.0335752651089977,0.0304272182932708,"23066/2099/4306",3
"GO:0070566","MF","GO:0070566","adenylyltransferase activity","3/82","30/18639",0.1,22.730487804878,7.91810544414116,0.000305816011622465,0.0335752651089977,0.0304272182932708,"4938/4939/4940",3
"GO:0003725","MF","GO:0003725","double-stranded RNA binding","4/82","75/18639",0.0533333333333333,12.1229268292683,6.41603357769376,0.000333529123599315,0.0335752651089977,0.0304272182932708,"4938/4939/4940/8638",4
