"","ID","B_cells_naive","B_cells_memory","Plasma_cells","T_cells_CD8","T_cells_CD4_naive","T_cells_CD4_memory_resting","T_cells_CD4_memory_activated","T_cells_follicular_helper","T_cells_regulatory_(Tregs)","T_cells_gamma_delta","NK_cells_resting","NK_cells_activated","Monocytes","Macrophages_M0","Macrophages_M1","Macrophages_M2","Dendritic_cells_resting","Dendritic_cells_activated","Mast_cells_resting","Mast_cells_activated","Eosinophils","Neutrophils","Group"
"1","GSM1228861",0.0947671816698375,0,0,0,0,0.300637062185535,0,0,0.0792788318962998,0.165094129539565,0.218780753390267,0,0,0.0207789225683831,0,0,0.0737838200936199,0,0,0.039008441404782,0.00787085725171037,0,"healthy"
"2","GSM1228862",0.15215048373241,0,0,0.0326006834303154,0.554971712606021,0.0681007116060649,0,0,0,0.0455723986386409,0.0571176294675365,0,0,0,0.00363129369252247,0,0.0345698644478992,0,0.0512852223785903,0,0,0,"healthy"
"3","GSM1228863",0,0,0,0,0,0.341452574266761,0,0,0,0,0.180860200877057,0.0384038447900487,0,0,0,0.00969930279655166,0.0305693741426045,0.0279836938778267,0.100755467138696,0.0105491349438983,0.0575384616426915,0.202187945523864,"disease"
"4","GSM1228864",0.0821106273091412,0,0,0,0,0,0,0.0604358546100752,0.00888421851073956,0,0,0.106972598226386,0,0,0,0.0201596869749973,0,0.0185882826668957,0,0,0,0.702848731701765,"disease"
"5","GSM1228865",0.0968838637018253,0,0,0,0,0,0,0,0.00250793053322259,0,0.183088915559013,0,0.499244296827689,0.043466191283947,0,0.0608500942327024,0,0.076723878233094,0.0372348296285071,0,0,0,"disease"
"6","GSM1228866",0.0506881496693996,0,0.0239555534302554,0.0820196876012062,0.352398672572858,0,0.0103282145732224,0.0053778768842496,0.16360332666076,0,0,0.0113240484295537,0,0.0641571598689143,0,0,0,0.0598759955956929,0.176271314713888,0,0,0,"healthy"
"7","GSM1228867",0.225572107894061,0,0,0,0.215774483624298,0,0.168252089694508,0.01880534183464,0.0945163604061314,0,0.263681540097409,0,0,0,0,0,0.00581412268995039,0,0.00758395375900235,0,0,0,"healthy"
"8","GSM1228868",0,0.334115181575839,0.020851140393345,0,0,0.347069047695555,0,0,0,0.146387225995149,0,0,0,0,0.00965009685083657,0.0870699253539734,0.00229340548384318,0,0.0342533877162846,0,0.0183105889351743,0,"healthy"
"9","GSM1228869",0.160570787018,0,0,0.12534030044881,0.51919381403685,0.094174294517295,0.032606553320674,0.00406157559434434,0,0,0.0238649185296387,0,0,0,0,0,0,0,0,0.0157366090596026,0.0244511474747854,0,"healthy"
"10","GSM1228870",0.0531290788775745,0,0,0,0,0.0568259039734935,0,0.0908318623574919,0.000216864501202438,0,0.269259823821324,0.123927683354737,0,0,0,0,0.00577053799634763,0,0.0861891827487525,0,0.206559828338443,0.107289234030634,"healthy"
"11","GSM1228871",0.305919705448396,0,0,0,0,0.22627479435968,0,0.125403331728266,0,0,0,0.0410200698964822,0,0.121075334303688,0.0109350264463285,0,0,0,0.16937173781716,0,0,0,"healthy"
"12","GSM1228872",0,0,0,0,0.0610671313957541,0,0.0770261677789843,0,0,0,0.0593421114887021,0,0.135907332205485,0,0.0364095443803182,0.198756857626939,0.244185653702294,0,0.187305201421523,0,0,0,"healthy"
"13","GSM1228873",0,0,0.0870010501404164,0.02075605495845,0,0,0.0675171588719505,0.0676155737166475,0,0,0,0.0509131922533821,0.362225217388762,0.132593648860611,0.0196209779678612,0.0318668760861611,0.0576711161484592,0,0,0.0288324723680088,0,0.0733866612392905,"disease"
"14","GSM1228874",0.713965115135647,0,0,0,0,0.05143754716814,0.079272340568266,0.0193858659540319,0,0,0,0,0.0816816041429846,0.0416946632565745,0,0.0125628637743565,0,0,0,0,0,0,"disease"
"15","GSM1228875",0.440969482440917,0,0,0.0467414876129312,0.213508947241819,0,0,0,0,0,0.0288980676191789,0,0.0327241411270639,0,0,0,0.109033603891819,0,0,0.0546704887715303,0,0.0734537812947409,"disease"
"16","GSM1228876",0.129236070093129,0,0,0,0,0.349330377186504,0,0,0,0.0945855232224384,0,0.0872349473942684,0.0770588581250891,0,0,0,0.0528158814744769,0,0.121540981359591,0,0.0881973611445031,0,"healthy"
"17","GSM1228877",0.0187317976084992,0,0.0216147255411697,0,0,0.488686789406489,0,0.0486600117137577,0.0595685928924651,0,0.0765674137795119,0,0,0.0266035136139276,0.0259331276189376,0,0.0634836336787944,0,0,0.0675211970579829,0.0163675167551337,0.0862616803333307,"disease"
"18","GSM1228878",0.0535721818055945,0,0,0.428177430035225,0,0.051576679133003,0,0.0114334404625607,0.0220924046153922,0,0.204148710029286,0.022250771959427,0,0,0,0,0.0450567049796275,0,0.161691676979884,0,0,0,"healthy"
"19","GSM1228879",0,0.0161389041703386,0,0,0.443118285542916,0.151634724516382,0.0911580952861379,0,0,0,0.00651323043674706,0.0184186471113314,0,0,0.0733981129889553,0,0.0803583386990599,0,0.119261661248132,0,0,0,"healthy"
"20","GSM1228880",0,0.100096305387192,0,0,0.0532859599968162,0,0,0.0181894698460459,0.0123132372894418,0.0221066906994599,0.473740012848318,0,0,0,0.0124895984979724,0,0.111451927081308,0,0.105196566686822,0,0.0911302316666243,0,"healthy"
"21","GSM1228881",0.0535490916694651,0,0.028187827107995,0,0.369176427642252,0.10660484116675,0,0,0.0384584477757904,0.0182634360579648,0.276417598206303,0,0,0,0,0,0.05274521756501,0.0565971128084698,0,0,0,0,"healthy"
"22","GSM1228882",0,0,0.0338928053808605,0,0,0.0847739768675275,0.0875491416316263,0.13109038223433,0,0.410342052262932,0,0.0460705442043393,0,0.0644833204230286,0,0,0.0669107333137291,0,0.0748870436816262,0,0,0,"healthy"
"23","GSM1228883",0,0,0.680155384580005,0.0798443060498016,0,0,0.0175344542703053,0.0757513493108607,0,0.0248146775210548,0,0.0440327944915901,0,0,0,0,0,0.0195859392848385,0.0308020505959875,0,0,0.027479043895557,"disease"
"24","GSM1228884",0.176079173783081,0,0,0,0.0366792790735614,0.174062771140088,0.136381855679587,0,0.0490322891758138,0,0.00376007305270951,0.0426161562869258,0,0,0.0014991846931353,0.0150547488602981,0.0228349313563387,0,0.341999536898461,0,0,0,"disease"
"25","GSM1228885",0.0175771470578333,0,0,0.0177034653757417,0.280569621383474,0,0,0.0427260466446426,0.0116273514173137,0,0,0.107885536784705,0.0176076971030652,0,0,0.251501678964844,0.147865433079524,0.00611539950714043,0.0393195136424826,0,0,0.0595011090392327,"disease"
"26","GSM1228886",0,0,0,0,0,0.265622695989002,0,0.0411779449131355,0,0,0,0.184539168122816,0,0,0,0.0690032922690834,0.1113899181366,0.0218744241895134,0.238216529615323,0,0.0681760267645267,0,"disease"
"27","GSM1228887",0.0344531737250772,0,0,0,0,0.0979080779457316,0,0.0400728349988997,0,0,0.127436237491035,0.0781490914371584,0,0,0.0271245446534094,0.0152647672048612,0,0.0771065528996283,0.124739981557218,0,0,0.377744738086981,"disease"
"28","GSM1228888",0.10099962916648,0,0,0,0.0123445973652155,0,0.00269278617711512,0.000257744314282129,0,0.00367935179308739,0.0148998255418262,0,0.571356552314257,0,0,0.106702151522487,0.0191984399425181,0,0.00745821722603653,0,0,0.160410704636695,"disease"
"29","GSM1228889",0.172628162660295,0,0,0.0164906691689639,0.0535088704446118,0,0,0.0611221147438094,0.0463177019653754,0.0365760890629848,0,0.100452753952555,0.354970679349926,0,0.0185219353736512,0.0455025972176146,0,0.0495745279260724,0,0,0,0.0443338981341397,"disease"
"30","GSM1228890",0.245276638953745,0,0,0.00197318904846842,0.481445517321512,0,0.0198804313045911,0,0,0.0163618155599577,0.00138690709153034,0,0,0.00282830678293959,0,0,0.0202428051254002,0.0567570813318164,0.00203323355060555,0,0,0.151814073929433,"disease"
"31","GSM1228891",0,0.0288869153267016,0.0687925524066457,0.123790853160687,0.158186085481728,0,0.0296191326996392,0.0289449197500853,0,0.177038565294046,0,0,0.235478404686571,0,0.0127219676972222,0.0838775211624566,0,0.0211951328099598,0.0278588026186072,0,0,0.00360914690565116,"disease"
"32","GSM1228892",0,0.0135126674985194,0.0412159976590684,0,0.109431244830401,0.193545799887532,0.0393606110472039,0,0.0761969660479864,0.0199840912611548,0,0,0.0844816506960522,0,0,0.00986056409232843,0,0.0922855636429313,0,0.0516068666492784,0.0665444261281805,0.201973550559363,"disease"
"33","GSM1228893",0,0,0.0156331564077112,0.116862058254239,0,0,0,0.0520645083839532,0.00974541069182006,0.00710975774282003,0,0.055006895686287,0,0,0,0,0.00295708036041266,0.0402683680052737,0,0.591882262733316,0.0406434043762,0.067827097357967,"disease"
"34","GSM1228894",0.487464661468802,0,0,0,0.0831451405871075,0,0,0.0763755983138624,0,0.0166878101557035,0,0,0,0,0.00522200697755695,0.0361690618440533,0.00592968186922692,0.00775992101010704,0,0.00704719051850587,0,0.274198927255075,"disease"
"35","GSM1228895",0,0.111061842213402,0.354253262879572,0.159990654745996,0.218405057720948,0,0.053569441074194,0.0303145917194745,0.0100594670465013,0.00881066851756739,0,0,0,3.60232033298575e-05,0,0,0,0.0360179748161506,0,0.0174810160628649,0,0,"disease"
"36","GSM1228896",0,0.00432625489422197,0.744272211946988,0.00256588323079174,0.102981443788864,0,0.0108644700692978,0,0,0.0300300317963753,0,0.00597129976699662,0.0119270608919706,0,0.0177087812882736,0,0,0.0210148992158498,0.0461551390111186,0,0.00218252409925181,0,"disease"
"37","GSM1228897",0,0,0.0232074081673947,0.0225108467079992,0,0.00902996793385251,0,0,0.0403914334116509,0.0104708593056785,0,0,0.428877440324116,0.0106148484036899,0.0139705930955595,0.0318907161802881,0.0358671262001291,0,0,0.34997799752988,0.0231907627397613,0,"disease"
"38","GSM1228898",0,0,0.00694836380076239,0.0214052565327241,0.0362460159891698,0,0,0,0,0,0.0254698433379944,0,0.628246530002411,0,0,0.118132534705535,0,0,0.0270256919324753,0,0,0.136525763698928,"disease"
"39","GSM1228899",0,0.144866024965356,0,0,0.67813215746819,0.0269132559609669,0.0360515910565437,0,0,0.0592421122536844,0,0,0,0.0053214332315561,0.000108825128633521,0,0,0.0355068519973749,0,0.00796224037450318,0,0.00589550756319075,"disease"
"40","GSM1228900",0,0.0526710739378369,0.13199782272677,0,0.243731012091979,0.0462620746934525,0.0697530566963232,0.0663109711741964,0.213713913077714,0.0446382797053015,0,0,0.0266896188202889,0.0140583726127311,0.00700193878963289,0,0.00759542563555298,0.0202697045301327,0.040583074161236,0.0147236613468522,0,0,"disease"
"41","GSM1228901",0,0.0255006724809388,0,0.0395237395242146,0.0267349011227119,0,0,0,0,0,0.0211192384139765,0.00979767414404493,0.656368785938178,0,0.0161168478136294,0.0605760008897338,0.0537530454444038,0,0.0905090942281684,0,0,0,"disease"
"42","GSM1228902",0,0.0714734547631142,0.543906686217508,0.0430397168833635,0.0394129246406078,0,0,0.00998136317078272,0.0165360205161772,0,0.198247715776094,0.0322708670880828,0,0,0,0,0,0.00682964441811723,0,0.0328815513188646,0,0.00542005520728801,"disease"
"43","GSM1228903",0,0.0541636489861231,0.0300164943739625,0.213902662490369,0,0,0,0.072868341781994,0,0.0829953078895515,0.0127931181602425,0,0.308035819294243,0.0193691743232962,0,0.107166282399111,0,0,0,0,0,0.098689150301107,"disease"
"44","GSM1228904",0,0.00122540374037445,0.00147766659598635,0.0167569672559812,0.928701889728259,0.0037436562630692,0.0132611329381327,0,0,0,0,0,0,0,0.0123551617490183,0,0,0.0160717396749899,0,0.00640638205418901,0,0,"disease"
"45","GSM1228905",0.0423515947269483,0.0745603210159704,0,0,0.0282560739906107,0,0,0,0,0,0.029146078915319,0,0.263705317179448,0.136146425724756,0.0136839804244654,0.094321489511252,0,0,0,0.317828718511231,0,0,"disease"
"46","GSM1228906",0,0.0404033375166182,0.017493889263447,0.0218134820537214,0.145066042214379,0,0,0.0043695479462752,0,0.00431430288452312,0.0755826414832891,0,0.615386914863882,0.00524263842421901,0,0.0354502047949116,0.0081127683544763,0.0134540107105745,0.0133102194896839,0,0,0,"disease"
"47","GSM1228907",0.216776769571263,0,0,0.587077327982022,0,0,0,8.30646442717438e-05,0,0,0.0602232658449854,0,0.082871044047802,0.00613093013473525,0.00823476061035369,0,0.0136612398508405,0.000271406927141159,0.0246701903865846,0,0,0,"disease"
"48","GSM1228908",0,0.0152673298887769,0,0.191729124501245,0.173491998254335,0,0,0,0,0,0.431029356781316,0,0.0863029489587047,0.0195696140330506,0.000821093043620173,0,0,0.025434339160558,0.0563541953783941,0,0,0,"disease"
"49","GSM1228909",0,0.0573704880128665,0,0,0.111949033985916,0.0135577861048151,0,0.0434527717103919,0,0.0655111576858486,0.0117973083659653,0.00670456123346881,0.313323487619125,0,0.0256488533749718,0.0350244160593715,0.00466718754439443,0.103592084723911,0,0.207400863578955,0,0,"disease"
"50","GSM1228910",0,0.041867819017109,0.00737882066088191,0.0549009712322776,0,0,0.0100108480838308,0.000709199526234632,0,0,0,0.0181156131292442,0.470020834396919,0,0.0985570669759755,0.133054169122106,0,0.0294218157253905,0.10373358395855,0,0.0322292581714808,0,"disease"
"51","GSM1228911",0,0.036575963728198,0.00221879058168463,0.183162431238358,0.109858010415667,0,0,0,0,0,0.0178797052057191,0,0.27730354173411,0.156494158496694,0.029915588139179,0,0.186591810460391,0,0,0,0,0,"disease"
"52","GSM1228912",0.0287481982831012,0.0886906496579844,0,0.148171545713925,0.0223949796967112,0,0,0.102702777277922,0,0.0394956866051448,0.469429583879762,0,0.00392516204948681,0.0320265024866665,0.0128680103117403,0,0,0.00659708697712935,0.0449498170604257,0,0,0,"disease"
"53","GSM1228913",0,0.0769338556685714,0.0706898433298591,0.142213448003387,0.0192784976296167,0,0,0.0212885687487393,0,0,0.0993265764356634,0.0676359591502574,0.237344050878348,0.058572572267508,0,0.132115225341887,0,0,0.03839246170113,0,0,0.0362089408450324,"disease"
"54","GSM1228914",0.0215047223841052,0,0.0212868276572055,0.14033886780994,0,0.219146541763251,0.144630701697081,0.212964721344792,0.0310572561875856,0.166042502758708,0,0,0,0.00354830432479389,0,0,0.0188739739255805,0,0,0.0206055801469568,0,0,"disease"
"55","GSM1228915",0,0.0891925071893551,0,0,0.127315915595879,0,0.0386737537704205,0.132834112659242,0,0.172645598324762,0,0,0,0,0,0,0.322133699784081,0,0.0871258140815197,0.0300785985947403,0,0,"healthy"
"56","GSM1228916",0.0460281879336372,0,0,0,0,0.421424923854193,0,0,0.0864152955425971,0,0,0,0,0,0,0,0.176974926220835,0,0.193992154781178,0.00127914962869154,0.0738853620388678,0,"healthy"
"57","GSM1228917",0,0,0.00899600453043361,0,0,0.475689969842955,0.00928731583463201,0,0,0.17209719341945,0.0561511430833794,0,0,0.0283684048764253,0.00968959972547238,0,0.228911028187938,0,0.0108093404993152,0,0,0,"healthy"
"58","GSM1228918",0.103118841615614,0,0,0,0,0.232908657148043,0,0.144495822597758,0.0661769272165242,0,0.43373475303783,0.0195649983842316,0,0,0,0,0,0,0,0,0,0,"healthy"
"59","GSM1228919",0,0.011265467897935,0.0435291564840658,0.0117953889527503,0,0,0.233847418730257,0,0,0.000468376772412151,0.0694525535011804,0.0956092802896933,0,0,0.00860040629047809,0.0419358576488127,0,0.146119386337097,0.04911749160476,0,0,0.288259215490559,"disease"
"60","GSM1228920",0,0.0369261023962991,0.0230587624813696,0,0,0.0236922736127685,0.00440192545540301,0,0.0592417910479214,0,0,0.0707754439252005,0.0803120265897446,0,0.0069983631071575,0.0978419911138116,0,0.0708761656149235,0.253021322782686,0.0685718725674743,0.164770226989958,0.0395117323152831,"disease"
"61","GSM1228921",0,0.226087562129086,0,0.0796881592793805,0,0,0,0.0213040145998892,0.00346994730497935,0,0,0,0.0376968287950484,0.0933526834371861,0.00838328893261115,0.0462811551756889,0,0.00739594409382235,0,0.110874183070491,0.22327949277535,0.142186740406468,"disease"
"62","GSM1228922",0.175734579849572,0,0,0,0,0.375642942250971,0,0.0156758670470415,0,0.0391417119032551,0.0929962710333305,0,0,0.01103139061294,0.00190450228861663,0,0,0.0156977588636555,0,0.0148925010472206,0,0.257282475103397,"disease"
"63","GSM1228923",0.280826693432552,0,0,0,0,0.117216028164603,0.0510612187514143,0,0,0,0.056862751475197,0,0.0804304507230604,0,0.04243628983105,0.132589555066071,0.144978929690168,0.00977691966850868,0.0725087194554231,0,0.0113124437419519,0,"disease"
"64","GSM1228924",0.180022546019836,0,0.00656328196233909,0,0,0.00292654377538619,0,0.08254527483225,0.0130427471488135,0,0,0.0539510692468873,0,0.0207469116692311,0,0,0.0569126659412661,0.0450201235144114,0.0606382736406942,0,0.168715143346777,0.308915418902108,"disease"
"65","GSM1228925",0,0,0,0,0.051776763016326,0.358629783645195,0,0,0.0905326407159929,0,0,0.0799615563778601,0.0979528768974447,0,0.0405998250644989,0.0227525923969006,0.0962574022873661,0,0.0923454210370602,0,0.00890956571737457,0.0602815728439812,"disease"
"66","GSM1228926",0.456197611374101,0,0,0.221644678441962,0,0.0483190951087524,0.0208762897539644,0.0291574146969607,0,0.0377666391135713,0,0.0873095785120339,0,0.00986209833665472,0.00522698810847296,0,0,0,0.0395766981989931,0,0,0.0440629083545336,"disease"
"67","GSM1228927",0.00943912963044189,0.0012910786011215,0,0.379314284490226,0,0,0.048131511757999,0.00064370651533993,0,0.0265312499263245,0,0.0180901918675829,0.124091142163965,0,0.00442183460498566,0.115670731332623,0.0835565609422285,0,0.137247800922653,0,0.0247077778525313,0.0268629993919791,"disease"
"68","GSM1228928",0.104156973430636,0,0,0,0.207912121230086,0.23419627939752,0.152049477334738,0,0.0831538281260516,0.0899095997451915,0,0,0,0,0,0,0,0.0431140893325238,0.0620936953573585,0,0.0234139360458948,0,"disease"
"69","GSM1228929",0.0226823794868705,0,0,0,0,0.130805023489713,0.320162073438658,0,0.132098738815804,0,0.0765928571562226,0.0411519257837753,0.0227940205925971,0.000677747225750173,0,0.00649905075720653,0.053557330635797,0.0334112869826132,0.151914030143159,0,0.00765353549183423,0,"disease"
"70","GSM1228930",0.655047972640874,0.0548404658592761,0,0,0,0,0.0453473285029416,0.0144754449090836,0,0,0.137905235574915,0,0.0350771323763766,0,0,0.016124272525544,0,0.014714645374767,0,0.0264675022362217,0,0,"disease"
"71","GSM1228931",0,0.034278686240973,0.00916367652645396,0.0505973860453082,0,0.0466845400648881,0,0.0237887159971596,0.00662616490116827,0,0,0.0665996011715554,0,0,0,0.0590347904131657,0,0.00762620265560967,0,0.593913361590687,0.00916063077665983,0.0925262436163715,"disease"
"72","GSM1228932",0.044259160174487,0.014631322877315,0,0,0.141912081339797,0,0.252774754542955,0,0.0542254739635725,0.0754067058272124,0,0.0393242858098991,0,0.00499664219212623,0.00128568360769323,0.0215685497040546,0,0.102231928560993,0.0825779938078459,0,0,0.164805417592049,"disease"
"73","GSM1228933",0,0.038843000198764,0,0.273780501032075,0,0,0.312262216927363,0,0,0,0.03342010332405,0.0699174931255083,0,0,0,0.0953697685694685,0.067428705092804,0,0.0323526345512425,0,0.0766255771787243,0,"disease"
"74","GSM1228934",0,0,0.00673217362618183,0.395027153844532,0,0,0.000994751629689127,0,0,0,0,0.0758871481875079,0.159725879841404,0.0105715416859926,0.00675354543268092,0.0961724699616546,0.0274389544259044,0,0.179957655956383,0,0.0217532958264886,0.0189854295815809,"disease"
"75","GSM1228935",0.0051334045603348,0,0,0,0,0,0,0.0969230094048883,0,0.0879569649237931,0,0.0881834275585172,0.0384321212476028,0,0.00814001242655063,0.471949826376397,0.135073286503985,0,0.0285281965234622,0,0,0.0396797504744684,"disease"
"76","GSM1228936",0.1730396260367,0,0,0.29324687014405,0,0.186892321446668,0.00657901330832806,0.0773967706613331,0.0597959644550541,0,0.184473294637651,0,0,0.00384232080857718,0.00582273258569459,0,0,0.00386446955997242,0,0.00504661635597101,0,0,"disease"
"77","GSM1228937",0,0.000290547606586306,0,0.597869021382386,0,0,0.0058970259464434,0.0363833079026908,0.041897207312815,0.233550348535137,0,0.0228002177258337,0,0.00890910364654595,0,0.00522799511147017,0,0,0.0471752248300915,0,0,0,"disease"
"78","GSM1228938",0,0.0761815541786688,0,0.08315102310495,0,0,0.0714812605175665,0,0.0450707076081867,0,0.479816638198716,0,0,0.0218544750563827,0,0,0,0.0134777316027752,0,0.1688774789795,0,0.0400891307532537,"disease"
"79","GSM1228939",0,0,0,0,0,0.0586893071195222,0.208970701897163,0,0,0,0.245579688883394,0.0178788010605213,0,0.0906204627530789,0.00681127752760921,0.0285129046689216,0,0,0.167281138684711,0,0.117443244927686,0.0582124724773923,"disease"
"80","GSM1228940",0,0.200675248435317,0,6.53932285695843e-05,0,0.0292638881873711,0,0.00766528738151236,0,0.000392549234202053,0,0,0.00783805634201278,0,0,0.0377632851614076,0,0.00955112432901484,0,0.701032272512045,0.00575289518854747,0,"disease"
"81","GSM1509610",0.0339262011801246,0,0.0261425670155577,0.101233232306434,0.194908590561192,0,0.0361558940665517,0,0.0106502065630007,0.0807507925496747,0,0.112258045517549,0,0.167076474458221,0,0,0,0.0615529356773061,0.157178691403123,0,0.0181663687012644,0,"disease"
"82","GSM1509611",0.221578644579937,0,0,0.100753599277053,0.183548510279791,0,0,0.0308138377751794,0.0137924145994857,0.0966185012474825,0.0808168434631818,0,0,0.0486810712358866,0,0,0,0.0166224045499568,0,0.0550373183880566,0.151736854603989,0,"disease"
"83","GSM1509612",0.142956504783296,0,0,0,0.0287678304824247,0.280795965836133,0,0.0407425462791351,0.00585144362872287,0.207044604587328,0,0,0,0.0433895753117549,0,0.0743179070670276,0,0.0761490211637484,0,0,0.0575149093342114,0.0424696915262179,"disease"
"84","GSM1509613",0.00800221016222374,0,0.0175624194297449,0.253047413743548,0.0224347403310338,0,0.0692853395742746,0,0.052357234098127,0,0.123583077614545,0,0,0.0815112200695256,0,0.0413342953430017,0.0262798217404178,0,0,0.0722465392838061,0.0771027054477246,0.155252983162027,"disease"
"85","GSM1509614",0,0.153452223810214,0,0,0.0496792441093709,0.151825585419888,0,0,0.0687146887458436,0.0157724256662822,0,0,0,0,0,0.088861296163163,0,0.146201143798868,0.163975825901923,0,0.0776995953409149,0.0838179710435316,"disease"
"86","GSM1509615",0,0.0633393576888269,0.03430275798031,0,0,0,0.0794175292844853,0.0885060178038286,0.080469818040607,0.0389781020326188,0.0290892285743118,0,0,0,0,0.0739441783535205,0.0854971886680683,0.335264216471919,0,0.0430755511942327,0.0196258687714521,0.0284901851358187,"disease"
"87","GSM1509616",0,0.0805797434594547,0.0237025046755959,0,0,0.255056197808079,0.111746994984846,0,0,0.11859248454505,0.00986788088019673,0,0,0,0,0.0861270724187772,0,0.0953236259661982,0,0.116787639755986,0,0.102215855505816,"disease"
"88","GSM1509617",0,0.0621050398499277,0.023699483152905,0,0,0.271340035148805,0.0727057260432658,0,0.0337286295639322,0.103920944951357,0,0.0192429924966123,0.0194439952683062,0,0,0.0532820008519846,0,0.272283376805426,0,0,0.0174188514099843,0.0508289244574928,"disease"
"89","GSM1509618",0.180591845383618,0,0,0.0844096278503108,0.166099322480691,0,0,0,0.0162869613726535,0,0.0743167655248987,0,0.0330407770310359,0,0,0.0507232741560655,0.0177075804255424,0.120046104593771,0,0.17033867153888,0,0.0864390696425341,"disease"
"90","GSM1509619",0.155335336766171,0,0,0.0768425891188805,0.0161562551707111,0.010950199831294,0.0439891980149237,0,0.0536449787635899,0.0338830531600218,0.0973814402148419,0,0,0.00500904437692703,0,0,0.438827788492483,0,0,0.0679801160901558,0,0,"disease"
"91","GSM1509620",0,0.0340080404614527,0.0255862275545204,0.116595227864549,0.0299679504156734,0,0.0193245679098862,0.0406870597199873,0,0,0.0398799256395837,0.015372049676384,0,0,0.000211170966895588,0.135386409466604,0,0,0.305295697467508,0,0.207926726827056,0.0297589460299,"disease"
"92","GSM1509621",0,0.307817649076599,0.0434025533232076,0,0.170932269914943,0.0288226872026354,0,0.173902512164133,0,0,0,0,0.0267394221960943,0,0.0966726205911207,0.027720039767276,0,0.0277231852273854,0,0.0147455724732165,0.0139491076847327,0.0675723803786566,"disease"
"93","GSM1509622",0,0.0416339775920092,0.0292802276566172,0,0.055244830695112,0,0,0.048242702333105,0.0637306007550041,0.0388896254130413,0,0.0262735920809966,0.0425429168383459,0.0490249529276174,0.105471117849952,0,0.385236823959215,0,0.114428631898984,0,0,0,"disease"
"94","GSM1509623",0,0.255858446246561,0.0599351665575134,0,0.153139545638267,0.0302466209404609,0,0.00169538518662187,0,0,0.0635886132710307,0,0.105503357167715,0.0626302853911533,0,0.116641392763318,0,0,0,0.051891145339906,0,0.0988700414974522,"disease"
"95","GSM1509624",0.140518398875064,0,0,0,0.329976897599544,0,0,0,0,0,0,0,0.0485142477342906,0.0727503726303766,0,0,0,0.120661141812007,0.167540120322583,0,0.0431045041295979,0.0769343168965378,"disease"
"96","GSM1509625",0.263035668343301,0,0.0208455219109748,0.0816933815107094,0,0,0.00718464222646056,0.272017579510548,0,0,0.086437086715069,0,0.0500339068199745,0,0,0.0352332576510813,0,0.178133555877544,0,0.00538539943433701,0,0,"disease"
"97","GSM1509626",0,0.134407959762034,0.0866473590709756,0.0169722165667964,0.111203579679857,0,0,0,0.0712534836412064,0,0.00653355450650639,0.00345850444544453,0.0442975313302465,0.0426339202952374,0,0.0330992914339663,0,0.232536649588783,0.116057115596224,0.0184594879033958,0.0256462620355593,0.0567930841437668,"disease"
"98","GSM1509627",0.239775190670512,0,0,0,0.192110641256281,0.072001231915192,0,0,0.00089225313439916,0,0.173803746765879,0,0.0415611873769485,0,0,0.0906077287296184,0,0.102424845029102,0,0.0321493138001831,0,0.0546738613218848,"disease"
"99","GSM1509628",0,0.22351341974085,0.0339645995374937,0,0.242305460762583,0,0.137739235771894,0,0,0.113131073270583,0.00761847629009934,0,0,0,0.105968176753271,0.0255617574080295,0.0238985274383291,0,0,0.0770322994206562,0,0.00926697360621114,"disease"
"100","GSM1509629",0,0,0.0272902381735781,0.028363575803337,0,0,0,0.129915439744881,0,0,0,0.0970168358919021,0,0.00263196842433567,0.261765774834377,0,0.111504260270997,0,0.261944117062704,0,0.0795677897938883,0,"disease"
"101","GSM1509630",0.00602245464791631,0.119930934809496,0,0.337845182254588,0,0,0.221231017755087,0,0,0.0615382908310352,0,0,0.0535437792520327,0,0.0122173939480621,0.0275169014873266,0.0356667525737058,0,0,0.0601368996006084,0,0.064350392840142,"disease"
"102","GSM1509631",0,0.0199556436871335,0.00835430363575513,0,0,0.0879206974514116,0,0,0,0,0,0.00185858077899375,0,0,0.188909210358843,0,0.33737269298057,0,0.230291037463309,0.0270781945391686,0.0623446436142876,0.0359149954905275,"disease"
"103","GSM1509632",0,0.176781800117973,0.00864856481288751,0,0,0.0483961302321722,0,0.403390713007928,0,0,0,0.0997991737463909,0,0.0634230124474761,0,0,0,0.0504071410535215,0.100472713420323,0,0.0486807511613273,0,"disease"
"104","GSM1509633",0.0976359464442862,0,0.0178351209639943,0,0,0.0144912026099161,0,0.0269439806240676,0.00625541777144071,0,0,0.0571513808237665,0,0,0.19520967690152,0.0251679423264282,0.399119036913297,0,0.106839658157234,0,0.0174889816715714,0.0358616547924774,"disease"
"105","GSM1509634",0.140246030061143,0,0,0,0.0133841590184851,0.0645774886087205,0,0.0412506753019118,0,0,0.142030420889644,0.0429943404167833,0.00114150990023527,0.0492880302334464,0.0553393285671861,0.099088902285078,0,0.0412919830726823,0.223741430540968,0,0.051038408497788,0.0345872926059282,"disease"
"106","GSM1509635",0,0,0,0,0,0.071027100035928,0,0.060380756492732,0,0,0.00549289623546345,0.0291655844908784,0.0536245476180011,0,0,0.0160794277204779,0.189756744676368,0.105677379373305,0.123190668106102,0.028424712835389,0.120013410446611,0.197166771968744,"disease"
"107","GSM1509636",0,0.115314700899253,0.0187488792220629,0.150907985084865,0.0456818698443976,0,0,0,0,0,0.0270974242174584,0,0,0,0.142307469855681,0,0.218349703933966,0,0.132562973497055,0,0.064838732763442,0.0841902606818199,"disease"
"108","GSM1509637",0,0.105190428248689,0.0743538990245756,0,0.169218101710208,0,0,0,0,0,0.0388574793254626,0.0983859880127867,0.0185265309233222,0.00609700663919539,0,0.172067534969607,0,0.200078162638987,0,0.0211878713861834,0,0.0960369971209834,"disease"
"109","GSM1509638",0.0509653696755511,0,0.0691190573100173,0,0.172638652936803,0.058338100035796,0,0.00866969253800754,0,0,0,0.0223989064474996,0.0796854101298895,0,0.0502117800035252,0,0,0.238335967060968,0.0224353277407667,0.0265080086599404,0.0737827919581665,0.12691093550307,"disease"
"110","GSM1509639",0,0,0.0569144842459316,0.0773524909217546,0,0,0.094224252470564,0,0.0532483900914331,0,0.085939333764454,0,0.0389852099506937,0.0394044870453857,0.0357203337739258,0.049183144630695,0.0473912459226254,0.0301403052176811,0.391496321964856,0,0,0,"disease"
"111","GSM1509640",0,0.0943321508370105,0.0319108286172714,0.0135294696107036,0,0.120897293595529,0.159449417317124,0.0120582125214771,0.0588576639780282,0.155245583625886,0.127657715793503,0,0,0,0.141992960616678,0.0446349712493627,0,0,0,0,0.0394337322374255,0,"disease"
"112","GSM1509641",0.263021580741257,0,0,0,0,0.153328637043795,0.00154113240780135,0.0174177456671572,0,0.0542687449783198,0.0362542482947923,0,0,0,0,0.172899374001046,0,0.11041789013564,0,0.0365266647488216,0.0487703962819534,0.105553585699416,"disease"
"113","GSM1509642",0,0.0282936733897427,0.0485523919932517,0,0,0.14754046999931,0,0.271425827207638,0,0.0361962703467947,0,0.0648285263836774,0,0,0.110466739243529,0.0526628129682799,0.100969959766068,0.123494865786419,0.0155684629152895,0,0,0,"disease"
"114","GSM1509643",0,0,0.00688194370395585,0.228900756815857,0,0,0.0755973457339259,0,0,0.0850963708272471,0.019571069412867,0,0,0,0,0.206172194160264,0,0.141813714092325,0.144639050482512,0,0,0.091327554771045,"disease"
"115","GSM1509644",0,0.0497388975551299,0,0.0152724300667775,0,0,0.041688959487993,0.17339099292255,0,0,0,0.147264828389543,0.0158230616517285,0.0162610457581966,0.0216059215658947,0.0634818141327176,0.165365298955519,0.0886624097001795,0.20144433981377,0,0,0,"disease"
"116","GSM1509645",0,0.0441804954423925,0.00822040821815932,0.0917033579277892,0.164071921246196,0,0,0.0255686717693179,0,0,0,0.0419437312692452,0.118544383787855,0.0226469615373575,0,0.0825318141196468,0,0.241579108886184,0,0.0546908370372719,0,0.104318308758585,"disease"
"117","GSM1509646",0,0.0591594552793614,0,0,0.309614607397405,0,0,0,0,0,0.0922251967366836,0,0,0,0,0.150760678743736,0,0.095927705539088,0,0.120889079031738,0.0703684412751117,0.101054835996877,"disease"
"118","GSM1509647",0,0.0924396008362125,0,0,0.0931446099657477,0.0795715888974908,0,0,0,0,0,0.0547499914108532,0,0,0.0787092716288395,0.268944926675963,0,0.11582806878279,0.164237206447103,0,0,0.0523747353550004,"disease"
"119","GSM1509648",0,0.143265298458764,0.0594999887396784,0.140716006877458,0,0,0.136466810202039,0.0520892084020329,0,0.118044775142658,0,0.0147112956804558,0.00198091221892756,0.0645672831663953,0.0604761173740471,0,0,0.126374383118047,0,0,0,0.0818079206194976,"disease"
"120","GSM1509649",0.302070627861837,0,0,0.307447998816893,0,0,0.110833739026696,0,0,0,0,0.0426650533316787,0,0.134066898798927,0,0,0.0234140153069816,0,0.0795016668569868,0,0,0,"disease"
"121","GSM1509650",0.19840308979027,0,0,0.10565028625792,0.0952710481175412,0,0,0.206892486555275,0,0.0557432591781274,0.0313312596027549,0.0203083522116682,0.0588292925516652,0.103000068405655,0,0,0,0,0.0218104337744538,0,0.10276042355467,0,"disease"
"122","GSM1509651",0,0.164625035337928,0.0609436424976717,0.113450962986858,0.203965171178424,0,0,0.0508732410628982,0,0.0291905170374177,0.00445340953618216,0.0213572559881572,0,0,0,0.0483312816813409,0,0.134914674116939,0,0.0830509062210762,0,0.0848439023551073,"disease"
"123","GSM1509652",0,0.141648347850981,0,0,0,0,0.200825873108004,0,0.149846976892477,0.164055068128556,0.0835303800450275,0,0.0165101492865686,0.0402584501940811,0,0,0.0499742995546653,0,0,0.15335045493964,0,0,"disease"
"124","GSM1509653",0,0.0705900599439872,0,0,0.064306866670432,0.0368031492041894,0,0.00793125154501453,0,0,0.0988486830809358,0.00320090292110652,0,0,0.037028547279271,0.129278555253391,0,0.398459060921166,0.0651038602533601,0,0.0144631974847724,0.073985865442374,"disease"
"125","GSM1509654",0.13234845834424,0,0.00693811209603546,0.0521338874715379,0,0.091564748416342,0,0,0,0,0.0760595934300242,0,0,0,0,0.130744443157856,0,0.142786776047794,0,0.129841118649273,0.0135298715677816,0.224052990819117,"disease"
"126","GSM1509655",0,0.133229223261051,0.0213605838871346,0.167587977971067,0,0.114481963873025,0,0,0,0,0.0654191782861548,0.0556466504535253,0.0176603071680044,0,0,0.165733001365697,0.0774256283826569,0,0,0.0885910464095671,0,0.0928644389421173,"disease"
"127","GSM1509656",0,0.143642139302941,0.027884452082784,0,0.140614757162215,0,0.0607820192762295,0.0630160834223853,0,0,0.167812111673454,0,0,0,0.0267189654117683,0.015126746201353,0,0.0933863699756285,0.0963806797571416,0,0.089697653098785,0.0749380226353147,"disease"
"128","GSM1509657",0,0.0768282614142509,0.0763407333546651,0.208151609882626,0,0,0.208968086268976,0.223921550440605,0,0.00317493889732468,0,0,0,0.0523848456951852,0,0,0,0.0802139737865083,0,0.0446932628320451,0,0.0253227374278144,"disease"
"129","GSM1509658",0.250981313832335,0,0,0,0.100301692693565,0.0466991470532718,0.0544878011953211,0.000847267640184678,0,0.00300731052624636,0,0.0609404135056249,0,0.139403771328873,0.0596116381933372,0,0.155146279981378,0.0136632668416188,0.0871021049949131,0,0,0.0278079922133309,"disease"
"130","GSM1509659",0,0.0935023554518188,0.00315651589206845,0.129028717589581,0.201436025590136,0,0.080712288855922,0,0,0.189695511463757,0,0.0443008827624437,0,0.0822533570450245,0,0,0.0623108668774295,0,0.0513235513449556,0,0,0.0622799271268638,"disease"
"131","GSM1509660",0.11564989228771,0,0,0.0335589425493931,0.146439971642449,0,0,0,0,0.0395206517800814,0.199345002578784,0,0.0185321847216706,0.130372660984534,0,0,0,0,0,0.151720262797176,0,0.164860430658202,"disease"
"132","GSM1509661",0.122186942007183,0,0.05723506185748,0.0962646224956821,0.0110419510842285,0.0605779020521202,0,0,0.04413503618214,0,0.128632063041792,0.00666788741848505,0.0588556014895468,0.0420637488860601,0.106852479938318,0.0602996760101917,0,0,0,0.0379811849193688,0.0231990742075032,0.1440067684099,"disease"
"133","GSM1509662",0.283538478419963,0,0,0,0,0.0442690804656045,0.0603254475625505,0.029693065540274,0,0.148393153421226,0,0.0288857028399829,0.00529555834514857,0.114460777645401,0.134561836992681,0,0,0.150576898767168,0,0,0,0,"disease"
"134","GSM1509663",0,0.0824909945032091,0.0548769347008468,0.176688247493593,0,0,0.0833275937360003,0.0232533476283694,0.169091567462709,0.186867163178462,0,0,0.0215969914022891,0.057351951459139,0,0,0.00036641062991022,0.0401813651702455,0,0.0326883331956463,0,0.0712190994395798,"disease"
"135","GSM1509664",0,0.113619330516419,0.0564189776521856,0,0,0.117432910860103,0,0,0.111565100462192,0.0514379341625664,0,0,0,0.034560198057559,0.0398705444995618,0.0461255529964215,0,0.0661595743222552,0,0.0975922755881899,0.132726280861736,0.132491320020811,"disease"
"136","GSM1509665",0,0.0560702064720149,0.0507214606676928,0.0938078825086546,0,0.159538054020389,0,0,0.0180276078865025,0,0,0.0189277849176916,0.0161797743902623,0.0138524555947568,0,0,0,0,0.361797437378351,0.0488314878963178,0.0912866742576207,0.0709591740097456,"disease"
"137","GSM1509666",0,0.12566056775514,0.00122389428121893,0.0608335620438509,0,0,0.189877130884428,0,0.190576502528643,0.0094872893846207,0.0637709581105297,0,0,0,0.0549252073974466,0.0217756877856384,0,0.0557745577650318,0,0.129310665750054,0.0967839763133978,0,"disease"
"138","GSM1509667",0,0.000923905408353874,0.0359290081452509,0.111826859844213,0,0,0.0674159589514438,0.247066793655102,0.0127247150871934,0.0291911082362151,0,0,0.0664248791278788,0.00853588871737641,0.0978966167428206,0.0171104951511104,0.154278722322915,0.0919571500125009,0.0461507911239171,0.0125671074737093,0,0,"disease"
"139","GSM1509668",0.10894603544333,0.0397608800301408,0,0,0,0.360539558245036,0.0302088680787485,0.0207346803751515,0.0210374053763555,0.00229021113814424,0.0638719368648066,0,0,0.0885978848783171,0,0,0,0,0,0.0672529342642272,0.104939212047696,0.0918203932580457,"disease"
"140","GSM1509669",0,0.0768698846363858,0,0.206221032682021,0,0,0,0,0,0.00154985246288483,0,0.0621537942527474,0,0,0,0.147263311600592,0,0.0778961983891296,0,0.209830257196918,0.0749063816997512,0.14330928707957,"disease"
"141","GSM1509670",0,0.0622674091863793,0.0143192918993633,0.0745725514357602,0,0.114945448257594,0,0,0.0387209184930719,0,0.0590302563139814,0.0189236035449714,0.0701185879095309,0,0.0174673883042863,0.114581942548983,0.0455626727375728,0.00182148957122121,0.178090651240905,0.0329728854224897,0,0.15660490313389,"disease"
"142","GSM1509671",0,0.0806975960596036,0.0137456130389584,0,0,0.136037688734126,0.0740508873566724,0.247207788454545,0,0.071086503317078,0,0.093117719520415,0.0217992393217938,0.0545592288768862,0.0387912745451607,0,0,0.15526191383441,0.013644546940351,0,0,0,"disease"
"143","GSM1509672",0,0.112596117670599,0.0558803677095636,0.0440988250502387,0,0.154841869448874,0.0659375911878766,0,0,0.064012919830296,0,0.0151464561636233,0,0,0.0106340604342217,0.184604864423641,0,0.223867598811506,0,0,0.011918526437889,0.0564608028316715,"disease"
"144","GSM1509673",0,0.069163464303984,0.0841500212170052,0,0,0.0132650282732913,0.106768203849835,0.144798723830989,0.0558605127434135,0.10325011867645,0.0397840290802826,0,0,0.00817405468693208,0.00718339219356166,0,0.105311470291657,0,0,0.169347088151226,0,0.0929438927013726,"disease"
"145","GSM1509674",0.161875729664771,0.0114527312726415,0.0278473795731202,0,0.0326355324901026,0,0.0495973959872149,0.149070577236175,0.0529933783032522,0.0323477768156237,0.0613244066974834,0,0.0302373454496697,0,0.125783032474872,0,0.173544631521269,0,0,0.0912900825138052,0,0,"disease"
"146","GSM1509675",0.226866622718896,0.0107016403388842,0,0,0.0805264287238318,0,0,0.192827518761616,0,0.0313304011678123,0,0.0589698139335366,0,0,0,0.111931223921485,0,0.10558261902533,0.0501408495411803,0,0.131122881867428,0,"disease"
"147","GSM1509676",0.205808524263218,0,0,0,0,0.241986094619795,0.0412753026002648,0,0.0334642404165852,0.178739954846237,0,0,0,0,0,0,0,0.135771106233146,0,0.0597766603404571,0.0350337311535437,0.0681443855267536,"disease"
"148","GSM1509677",0,0,0.0586283593034971,0,0,0.122280059316655,0.0820592331852528,0,0.188755104418438,0.071050004952334,0,0.0499234186648131,0,0,0.0803018907179953,0.078655418738619,0,0.193342237605733,0.00383232734622914,0,0.00854460022524516,0.0626273455251884,"disease"
"149","GSM1509678",0.01110118591409,0.0256366502184391,0.0547786304075649,0,0,0.1316859507197,0,0,0.100557213430259,0.0989943702506319,0,0,0,0,0,0,0,0.312082131126698,0,0.172262324662278,0,0.0929015432703394,"disease"
"150","GSM1509679",0,0.170003318630955,0,0,0,0,0,0,0,0,0,0.0567493087651805,0,0.0284593154892367,0,0.0708676038661233,0,0.230692250222167,0.379398129358286,0,0,0.0638300736680507,"disease"
"151","GSM1509680",0.145566202472861,0,0,0,0,0.217654618376468,0.131403632215387,0.0440092853826217,0,0.150386555756766,0,0.0230430578506727,0,0.0660372581398478,0.013130099189827,0,0.0193980623826903,0.0147403367226598,0.0722030697457656,0,0.0533076482061467,0.0491201735582865,"disease"
"152","GSM1509681",0,0,0,0.0343126409248182,0,0.189825925481909,0,0,0.194710518023233,0.214497189279813,0,0.00812830740172006,0,0.0811308386646537,0,0,0,0,0,0,0.205777931553622,0.0716166486702307,"disease"
"153","GSM1509682",0,0,0.091603956274411,0,0.0871625579695917,0.185093316052142,0,0,0,0,0,0.189757154358559,0,0.0918018079296499,0,0.0982940708862621,0,0,0.126162717367382,0,0.130124419162001,0,"disease"
"154","GSM1509683",0,0.0502673622365376,0,0.039463368918188,0.188461454371501,0.0310240292813709,0,0,0.0929830938830637,0,0.106390626607876,0.00782569257114397,0,0.183055642143388,0,0,0,0,0,0,0.198729633172511,0.101799096814419,"disease"
"155","GSM1509684",0.0616166494156813,0,0.0256688587656478,0.0560074615336115,0,0.155749469973261,0.0585076703510833,0,0.0134912115921493,0,0.0535028015258241,0,0.0120164360578459,0,0,0.102235669890281,0.172972280830785,0.155024502312815,0,0.0382933567001325,0.00671024556193279,0.0882033854889502,"disease"
"156","GSM1509685",0.11216622247247,0.0783903193287081,0,0.0238453821654574,0.104531019880781,0,0,0.022141101698465,0,0,0.0187280126760242,0,0,0,0,0.181811282978572,0.0974136118872367,0.219847525830511,0,0.0191531402069895,0.0327966808249161,0.0891757000498692,"disease"
"157","GSM1509686",0.155253929365404,0,0.0306006020891547,0,0.00249056658145918,0,0.024811755353866,0.153566349700484,0,0,0.00592850722305165,0.0457707674581513,0.024294134012395,0.0498824568623164,0,0.0157633951558394,0,0.243362204513915,0,0.0182354904461086,0.125381996888946,0.104657844348909,"disease"
"158","GSM1509687",0,0.148860978178785,0.024911695350408,0,0,0.102776197452615,0,0,0.0443288298853875,0,0.0729015226657811,0,0.0613066061834663,0,0.125573034374478,0.0533130156166206,0,0.206819011497694,0.0755136802058489,0,0.0403540688743036,0.0433413597146111,"disease"
"159","GSM1509688",0.159145752320266,0,0,0.221590568323317,0,0.00813113419807704,0.190579912945392,0.000933286208956858,0,0.0499435041007924,0,0,0,0,0.00374446396870986,0.158286622468946,0,0,0,0.139298065928313,0.0153593598790302,0.0529873296582001,"disease"
"160","GSM1509689",0.243397313421651,0,0,0,0,0.0886628819565202,0.162764301381341,0.210880535054602,0,0,0,0.0132970004481568,0.0424300249323788,0,0.0909863984816884,0,0,0,0,0,0.107611434699823,0.0399701096238382,"disease"
"161","GSM1509690",0.142978338192507,0,0,0,0,0.0299952078723727,0,0.174591445185943,0,0,0,0.121463452946777,0,0.0296658091352925,0.0226952537169859,0.0734070640188914,0,0.128620526800014,0.251202094579827,0,0.0253808075513897,0,"disease"
"162","GSM1509691",0.237412763788203,0,0,0,0.108619906225403,0,0,0.0924318036172333,0,0,0,0.149138167655727,0,0.0125504730228237,0,0.0314216460186971,0.0300280906630078,0.0798262970826919,0.178540910031392,0,0.0600833502701724,0.0199465916246488,"disease"
"163","GSM1509692",0,0,0.0417934207123381,0,0.184107211930991,0.0305705203508351,0,0,0.00897106447237864,0,0.125655352832412,0,0.0601728013495423,0,0,0.0935042602686628,0.136942418728407,0,0,0.186476892843764,0,0.131806056510669,"disease"
"164","GSM1509693",0,0.0215276491445893,0,0,0,0,0.0391782739357414,0.0185619851424404,0.0103139789489857,0.0531303895911886,0,0.0397004338533652,0,0.00927096637170407,0.0985842104540134,0,0.565258282948925,0,0.144473829609047,0,0,0,"disease"
"165","GSM1509694",0,0.0379466993785252,0.118083075662362,0.16219952398837,0,0.0277159876636435,0,0,0.0854282040053049,0.0899418301552005,0.136171074161873,0,0,0.0286242778073816,0,0.0428728631273199,0,0,0,0.027518003828006,0.215393235424045,0.0281052247979681,"disease"
"166","GSM1509695",0.0469719707655245,0.0125167597840259,0,0,0,0.175539012030945,0,0.0954757869199022,0,0.0651543272773965,0,0.0785420217345078,0,0,0.142040568282299,0,0.249185029715408,0,0.0757569263995478,0,0.0451357396696285,0.0136818574208146,"disease"
"167","GSM1509696",0.196144708323408,0,0,0.0969073130411627,0,0,0,0,0.125834059876606,0,0,0.0654352783600196,0.0229680383993525,0.0691547934089149,0.115593373361618,0.0322876234888966,0,0,0.175898967102678,0,0.0997758446373427,0,"disease"
"168","GSM1509697",0.0614244133431523,0,0.046830342224626,0.00882544223082301,0,0,0.140593702500751,0.0191549238706808,0.144587162092886,0,0,0,0,0,0,0.0180888913039704,0.284333169777562,0.182469393204026,0,0.0593375054898304,0.0343550539616928,0,"disease"
"169","GSM1509698",0.284810982337533,0,0,0.0104340536079894,0.0423280456957224,0.0640866489687887,0.061802964432842,0.0522495986636468,0,0,0.161911463692834,0,0.110145394232184,0.0107259634727425,0,0,0.0324933756195435,0,0.143947201798893,0,0.0250643074772803,0,"disease"
"170","GSM1509699",0.264024001130963,0,0,0,0.227086831024051,0,0,0.167541418657648,0,0,0.165640918129696,0,0.0825114445222832,0.0342855881121381,0,0,0,0.0440750529200708,0.0140550200553856,0,0.000779725447763888,0,"disease"
"171","GSM1509700",0,0.136456164429487,0.0329237780954374,0,0.108810898210531,0.0234288195517433,0.0381395313887781,0.0571201268536493,0,0,0,0.0852698104478388,0,0,0.192520488395139,0.0974784126429161,0,0.0323969140638594,0.195455055920621,0,0,0,"disease"
"172","GSM1509701",0,0.175322250031685,0.0282552144185384,0,0.275422459002769,0,0.121091442184322,0,0,0,0.0522375799537559,0,0,0.0290033741641862,0.0690970081972864,0.0106116355442081,0,0,0,0.146009122932777,0,0.0929499135704718,"disease"
"173","GSM1509702",0,0.231654245593321,0,0,0,0.0332196180290747,0.0408897603695827,0,0,0.0904122045397201,0.143964890445351,0.0270374670504229,0.0348580704462741,0.0734712011853514,0,0.163964144787372,0,0.019815424619507,0.0348032521594103,0,0,0.105909720774612,"disease"
"174","GSM1509703",0,0.106500499858207,0.0520900500762945,0.053368775146078,0,0,0.0750870772164961,0.214073171233913,0,0.0498357849869611,0,0.121759445693411,0.0354228814945228,0,0.0885709042805876,0.121670700196189,0,0.0590922376362561,0,0,0,0.0225284721810837,"disease"
"175","GSM1509704",0,0.10371764898875,0,0,0.166912396847697,0.0433417061667062,0,0.0858075436955796,0,0,0.143526283935151,0,0.0159317257362362,0,0.222326480662572,0.0580180151317585,0,0,0.111403101162752,0,0.0490150976727972,0,"disease"
"176","GSM1509705",0.29085242931155,0,0.0386789624333079,0,0,0.0779530191419057,0.0442518070679389,0.0957724807827885,0,0,0.0850111959498924,0.0150201889755061,0.0547977829195635,0,0,0.0312416721648533,0,0.236971168245534,0,0,0.0233443947610724,0.00610489824608718,"disease"
"177","GSM1509706",0.233376374079099,0,0,0,0,0.122054911352451,0.234787037881294,0,0.0729060248325486,0.0500548870948083,0.113443133473135,0,0,0,0,0,0.112878096930876,0,0,0.0331923599595527,0.0273071743962355,0,"disease"
"178","GSM1509707",0,0.193864951005716,0.0174150717010447,0,0,0,0.10289963121687,0.0212595238731719,0.014639664155606,0.126220734303414,0,0.101515134842263,0,0.0145838536479836,0.152328307706554,0.0956749396021237,0.03542967018221,0,0.0886140180418084,0,0.0145066934149498,0.0210478063062846,"disease"
"179","GSM1509708",0.153276017278342,0,0.0465942228353104,0.00387572313933337,0.120179622745593,0,0.132372178807685,0,0.129789283313729,0,0,0,0,0.0342250402630834,0,0,0,0.184788911412742,0,0,0.141827419259122,0.05307158094506,"disease"
"180","GSM1509709",0.00384318584727546,0.150652431198665,0,0,0,0.147216591876719,0.0706379529979032,0,0.0366349644131669,0.102324823791875,0.108911910384805,0,0,0.108574078914012,0,0,0.128978759626707,0,0.142225300948871,0,0,0,"healthy"
"181","GSM1509710",0.212320681848683,0,0,0.130641873471888,0,0.193788746780923,0.0285738716941612,0.121410029913268,0,0,0,0.074256603201453,0.0441918721039064,0.0696968955895756,0,0,0,0,0,0.0674556448998239,0,0.0576637804963173,"healthy"
"182","GSM1509711",0.00625438102655089,0,0.0294710667771138,0.0597528438503593,0.00221102276713362,0.017344051969283,0.0922523938042702,0,0.0644215527673882,0.026303859268202,0.156786410460234,0,0.0440259112106554,0.132393882514429,0,0,0.0502706775581566,0,0.215317593007857,0,0.103194353018367,0,"healthy"
"183","GSM1509712",0.0454812135580878,0.0388764370992,0,0.0669377541323075,0,0.215484645333444,0.0856984009389468,0,0,0.0569004869716148,0.0659125634269803,0,0.00404555581587204,0.0590702146965638,0,0,0.238606518616332,0,0,0.0629104057285377,0,0.0600758036821135,"healthy"
"184","GSM1509713",0.103155254759529,0,0,0,0,0,0.0876421753259235,0,0.106284646129321,0.17715261224035,0,0.00257522589703572,0,0.0515259824542786,0.0127591275986019,0,0.259877982334278,0,0.199026993260683,0,0,0,"healthy"
"185","GSM1509714",0.133482591131862,0,0,0,0,0,0.332049010089204,0,0.0829741888972836,0.0802731272909707,0,0,0,0.0196382440887394,0,0.00478994954266725,0.0475919085769107,0,0.299200980382363,0,0,0,"healthy"
"186","GSM1509715",0,0.00695294772661647,0,0,0.222116338247443,0.0210819345609814,0.139993368932642,0,0,0,0.11667223014733,0,0,0.10245162246488,0.00459857077844329,0.0393983645173702,0,0,0.346734622624293,0,0,0,"healthy"
"187","GSM1509716",0,0.0888586111210261,0,0.0937227455004774,0,0.0289637219343845,0.244053487671226,0,0.0627179160779493,0.16509210874102,0,0.00542278433496961,0.0125433186522364,0.054166620400714,0,0,0.186120990294062,0,0.0583376952719359,0,0,0,"healthy"
"188","GSM1509717",0.205543842679602,0,0,0.0384848053596746,0,0.0141315714962706,0.0529185778325048,0,0.140114814803276,0.103636296060664,0,0,0,0,0.0423352394331296,0,0.188001275614619,0,0.21483357672026,0,0,0,"healthy"
"189","GSM1509718",0.178561754514727,0,0,0.00339720007923423,0,0.140329324067456,0.0695104845141001,0.0288853098115788,0,0.0573162539505168,0.014675385764095,0.00383736550619687,0,0.022145775954308,0,0,0.289767239067083,0,0.191573906770704,0,0,0,"healthy"
"190","GSM1509719",0.0301435646167458,0,0,0.241996300816197,0.0234036965475913,0.12042802040016,0,0,0.0391729039382398,0,0,0,0,0,0,0.0622631877802573,0.136168361967674,0,0.261076596616495,0.0853473673166401,0,0,"healthy"
"191","GSM1509720",0,0.149147221247345,0,0.0212837339770985,0,0,0.14881902233161,0,0.133413527357715,0.217986667836208,0,0,0.0585540506335304,0,0,0,0.146561858428292,0,0.1242339181882,0,0,0,"healthy"
"192","GSM1509721",0.249003130272658,0,0,0,0.149490559935297,0.0558562038634273,0.0686156838121207,0.158393130894436,0,0,0.0332777154282198,0.0608195897715873,0.0929197073778504,0.0804446986110388,0,0,0,0,0.0511795800333652,0,0,0,"healthy"
"193","GSM1509722",0.137369693949614,0,0,0,0.0118321677870245,0.0966174794857829,0.0836352006508388,0,0.0819585879819276,0.0916175704304393,0,0,0,0,0.0143128360238126,0,0.363185422296906,0,0.119471041393654,0,0,0,"healthy"
"194","GSM1509723",0.0622944300082915,0.0222101572884539,0,0.0715439682462169,0,0.041876650641147,0.0920310073708307,0.0833219533205412,0,0.0185913752512298,0.0404291269534401,0.0125948104850859,0.0343029638586945,0.132718630244036,0,0,0.262770722836421,0,0.125314203495612,0,0,0,"healthy"
"195","GSM1509724",0.141277708456515,0,0,0,0.056926767678739,0,0.110493770297909,0.0420255420679625,0.0339735773398455,0.26508220824593,0,0.00437080932707458,0,0.0539767149698931,0,0,0.0709435160284099,0,0.220929385587722,0,0,0,"healthy"
"196","GSM1509725",0.120987475373616,0,0,0,0.0235816962669382,0.0357683280989353,0.111776576077192,0,0.0201777300422902,0.166451379215322,0,0.0105664372319292,0,0.0741411404425354,0,0,0.120213944843095,0,0.255719126675669,0,0.0606161657324785,0,"healthy"
"197","GSM1509726",0.268341058122442,0,0,0.00202799295679258,0.153133181092063,0,0.118124491492669,0.0951637883532938,0,0,0,0.0629726310994621,0.0941474130728466,0,0,0.0838233431454407,0,0,0.12226610066499,0,0,0,"healthy"
"198","GSM1509727",0.092872261072588,0.0843239236058043,0,0.0533329920448805,0.308214669221955,0,0,0,0,0.0130315459758258,0,0.114520524809519,0,0.181526707974907,0,0,0.106636671616775,0,0.0455407036777458,0,0,0,"healthy"
"199","GSM1509728",0.132301617120427,0,0,0.0361437058081562,0,0,0.0424463483601645,0.030855250980454,0.0187827714676505,0,0,0.0385207126250784,0,0.075611328335495,0.0634394274054913,0,0.372363115258053,0,0.18953572263903,0,0,0,"healthy"
"200","GSM1509729",0.108221149892532,0,0,0.0747740194653036,0.0513848647495418,0,0.0314026798115719,0.151037512506642,0.039784572272108,0.0272452215398277,0,0.0848831506669681,0,0.03693590649341,0,0,0.218753118573174,0,0.175577804028921,0,0,0,"healthy"
"201","GSM1509730",0.0104034004867258,0.0326021591114442,0,0.0649390878193147,0,0.0967202298396275,0.058139289590614,0,0.0933787262739478,0.0867614756941874,0,0,0,0.0349161460596183,0,0,0.293161256847243,0,0.228978228277277,0,0,0,"healthy"
"202","GSM1509731",0.147819576417685,0,0.0236672852863609,0.124183939420173,0,0,0.118311095122267,0,0.156445106419379,0.13215320690546,0,0.0510118379486341,0.00564541513589399,0.0726196150001381,0,0,0.0968598159001438,0,0.0712831064438645,0,0,0,"healthy"
"203","GSM1509732",0.017953095983757,0,0.014280932354792,0,0.320194780808782,0.000444301385263164,0.145748028779089,0,0,0.0233602937403071,0.091553820378958,0.0340562982944038,0,0.0332783153405955,0.0233251340007729,0.00777198553363016,0.152745038031232,0,0.135287975368418,0,0,0,"healthy"
"204","GSM1509733",0.072953338048116,0,0.0236503374284792,0.145549051826234,0,0.0345371993376669,0.177189236717706,0,0.0353775614884474,0.0396929770744861,0.00816838838826676,0,0,0.0586348133293115,0,0.0322397716133132,0.0247067096069566,0,0.347300615141017,0,0,0,"healthy"
"205","GSM1509734",0.231091952860498,0,0,0.0549069281714675,0,0.236420802237962,0,0,0,0,0,0.139813355645817,0.0167274883092327,0.141010314795788,0,0,0.0204694706193503,0,0.159559687359884,0,0,0,"healthy"
"206","GSM1509735",0.158999480648492,0,0,0,0.0216646634836564,0.15169393373056,0.0524970237459767,0.0677444116062764,0,0.00998375855992889,0.0478771097589575,0,0,0.0073973620025248,0,0,0.109623891795108,0,0.372518364668519,0,0,0,"healthy"
"207","GSM1509736",0.194282696284262,0,0,0.115324233109839,0.0412798095143054,0,0,0.0140353622550022,0,0,0.0193673573966798,0,0.00446214254999491,0.0327648225454275,0,0,0.191294871496047,0,0.343696404081264,0.043492300767179,0,0,"healthy"
"208","GSM1509737",0.194532099748012,0,0,0,0,0.223532484716276,0.0473554759017923,0.0699393929271527,0,0.0879663935724186,0.00665558805177251,0.0174399664395242,0.0226036963820576,0.0798171604799099,0,0,0.103279566627068,0.0237337195642632,0.123144455589753,0,0,0,"healthy"
"209","GSM1509738",0.174498191153948,0,0,0,0.190846199638002,0,0.0322266544985316,0.0239807551466886,0,0,0.0719769677800457,0.00194558776458516,0,0.00237107265989533,0,0,0.172579631067368,0,0.329574940290935,0,0,0,"healthy"
